{
  "pools": [
    {
      "name": "rare_treasure",
      "rolls": 1,
      "entries": [
        {
          "type": "item",
          "name": "minecraft:diamond",
          "weight": 3,
          "functions": [
            {
              "function": "fortune_enchant",
              "count": {
                "min": 0,
                "max": 3
              }
            }
          ]
        },
		{
          "type": "item",
          "name": "minecraft:emerald",
          "weight": 3,
          "functions": [
            {
              "function": "fortune_enchant",
              "count": {
                "min": 0,
                "max": 3
              }
            }
          ]
        },
		{
          "type": "item",
          "name": "iceandfire:silver_ingot",
          "weight": 3,
          "functions": [
            {
              "function": "fortune_enchant",
              "count": {
                "min": 0,
                "max": 3
              }
            }
          ]
        },
        {
          "type": "item",
          "name": "minecraft:stone_sword",
          "weight": 2,
          "functions": [
            {
              "function": "set_damage",
              "damage": {
                "min": 0,
                "max": 0.90
              }
            },
            {
              "function": "enchant_with_levels",
              "levels": 30,
              "treasure": true
            }
          ]
        },
        {
          "type": "item",
          "name": "minecraft:stone_shovel",
          "weight": 2,
          "functions": [
            {
              "function": "set_damage",
              "damage": {
                "min": 0,
                "max": 0.90
              }
            },
            {
              "function": "enchant_with_levels",
              "levels": 30,
              "treasure": true
            }
          ]
        },
        {
          "type": "item",
          "name": "minecraft:stone_pickaxe",
          "weight": 2,
          "functions": [
            {
              "function": "set_damage",
              "damage": {
                "min": 0,
                "max": 0.90
              }
            },
            {
              "function": "enchant_with_levels",
              "levels": 30,
              "treasure": true
            }
          ]
        },
        {
          "type": "item",
          "name": "minecraft:stone_axe",
          "weight": 2,
          "functions": [
            {
              "function": "set_damage",
              "damage": {
                "min": 0,
                "max": 0.90
              }
            },
            {
              "function": "enchant_with_levels",
              "levels": 30,
              "treasure": true
            }
          ]
        },
		{
          "type": "item",
          "name": "iceandfire:dragonbone",
          "weight": 3,
          "functions": [
            {
              "function": "fortune_enchant",
              "count": {
                "min": 0,
                "max": 3
              }
            }
          ]
        },
		{
          "type": "item",
          "name": "minecraft:diamond_sword",
          "weight": 2,
          "functions": [
            {
              "function": "set_damage",
              "damage": {
                "min": 0,
                "max": 0.90
              }
            },
            {
              "function": "enchant_with_levels",
              "levels": 30,
              "treasure": true
            }
          ]
        },
		{
          "type": "item",
          "name": "iceandfire:troll_tusk",
          "weight": 2
        },
		{
          "type": "item",
          "name": "minecraft:mob_spawner",
          "weight": 1
        }
      ]
    }
  ]
}